{"accuracy":{"25%":0.8134199134,"50%":0.8121212121,"75%":0.8233766234,"100%":0.8238095238},"precision":{"25%":0.8189551782,"50%":0.8196937231,"75%":0.8300338522,"100%":0.8272419979},"recall":{"25%":0.9911285064,"50%":0.9873223302,"75%":0.9856878952,"100%":0.9915574241},"f1":{"25%":0.8966966488,"50%":0.8956603046,"75%":0.9011374338,"100%":0.9019031596}}