{"accuracy":{"25%":0.8164502165,"50%":0.8155844156,"75%":0.8199134199,"100%":0.8181818182},"precision":{"25%":0.8191334545,"50%":0.8200375474,"75%":0.8262356295,"100%":0.826740011},"recall":{"25%":0.9952738037,"50%":0.9920452987,"75%":0.9872980768,"100%":0.9835258743},"f1":{"25%":0.8985683677,"50%":0.8978145828,"75%":0.8995502746,"100%":0.8982927058}}