{"accuracy":{"25%":0.825974026,"50%":0.8203463203,"75%":0.819047619,"100%":0.8220779221},"precision":{"25%":0.8258598122,"50%":0.8259985211,"75%":0.8274414248,"100%":0.8265695009},"recall":{"25%":0.9973844208,"50%":0.9883736479,"75%":0.9835479095,"100%":0.9899001128},"f1":{"25%":0.903504125,"50%":0.8998556354,"75%":0.8986925857,"100%":0.9008518252}}