{"accuracy":{"25%":0.825974026,"50%":0.8181818182,"75%":0.819047619,"100%":0.8216450216},"precision":{"25%":0.8278768803,"50%":0.8276280444,"75%":0.8274468489,"100%":0.8264781013},"recall":{"25%":0.9936613588,"50%":0.9819544018,"75%":0.9835479095,"100%":0.9893595722},"f1":{"25%":0.9031661576,"50%":0.8981710826,"75%":0.8986925002,"100%":0.9005820783}}