{"accuracy":{"25%":0.8242424242,"50%":0.8212121212,"75%":0.816017316,"100%":0.8194805195},"precision":{"25%":0.8261138102,"50%":0.8235778146,"75%":0.8207752505,"100%":0.8219035308},"recall":{"25%":0.9941876449,"50%":0.9941955632,"75%":0.9916519782,"100%":0.9947723633},"f1":{"25%":0.9023494736,"50%":0.9008292508,"75%":0.8980385553,"100%":0.9000368408}}