{"accuracy":{"25%":0.8151515152,"50%":0.8164502165,"75%":0.8173160173,"100%":0.8173160173},"precision":{"25%":0.8183201968,"50%":0.8185186444,"75%":0.8175776398,"100%":0.8175776398},"recall":{"25%":0.9947281855,"50%":0.9962804597,"75%":0.9994594595,"100%":0.9994594595},"f1":{"25%":0.8978676525,"50%":0.8986399653,"75%":0.8993614484,"100%":0.8993614484}}