{"accuracy":{"25%":0.8168831169,"50%":0.8151515152,"75%":0.8116883117,"100%":0.8121212121},"precision":{"25%":0.8188947939,"50%":0.8185514409,"75%":0.8163287005,"100%":0.8166670794},"recall":{"25%":0.996297711,"50%":0.9941526175,"75%":0.993185769,"100%":0.9931708073},"f1":{"25%":0.8988654174,"50%":0.897794127,"75%":0.8960214802,"100%":0.8962291868}}