{"accuracy":{"25%":0.8173160173,"50%":0.8173160173,"75%":0.8173160173,"100%":0.8173160173},"precision":{"25%":0.8173160173,"50%":0.8173160173,"75%":0.8173160173,"100%":0.8173160173},"recall":{"25%":1.0,"50%":1.0,"75%":1.0,"100%":1.0},"f1":{"25%":0.8994147385,"50%":0.8994147385,"75%":0.8994147385,"100%":0.8994147385}}