{"accuracy":{"25%":0.6645021645,"50%":0.561038961,"75%":0.5467532468,"100%":0.5346320346},"precision":{"25%":0.8413306185,"50%":0.8385682626,"75%":0.8360722614,"100%":0.8205674815},"recall":{"25%":0.7288351406,"50%":0.5773239794,"75%":0.5571348029,"100%":0.5523114584},"f1":{"25%":0.7788573589,"50%":0.6762704424,"75%":0.6610974983,"100%":0.6578222846}}