{"accuracy":{"25%":0.6398268398,"50%":0.5904761905,"75%":0.558008658,"100%":0.5515151515},"precision":{"25%":0.8354729063,"50%":0.818955877,"75%":0.8307660631,"100%":0.8258621098},"recall":{"25%":0.6996427886,"50%":0.6478476961,"75%":0.5803714202,"100%":0.5736873042},"f1":{"25%":0.757112614,"50%":0.7066664841,"75%":0.6727098343,"100%":0.6739982393}}