{"accuracy":{"25%":0.6238095238,"50%":0.5480519481,"75%":0.5523809524,"100%":0.561038961},"precision":{"25%":0.8381510787,"50%":0.8640922091,"75%":0.886430903,"100%":0.8770384836},"recall":{"25%":0.6696173808,"50%":0.531033954,"75%":0.5195113769,"100%":0.5394944914},"f1":{"25%":0.7431386251,"50%":0.6573166419,"75%":0.6543825389,"100%":0.6674144605}}