{"accuracy":{"25%":0.619047619,"50%":0.5978354978,"75%":0.596969697,"100%":0.583982684},"precision":{"25%":0.8647448306,"50%":0.8791880664,"75%":0.8690625386,"100%":0.8595935312},"recall":{"25%":0.6337550148,"50%":0.5890565848,"75%":0.5977694653,"100%":0.5876164324},"f1":{"25%":0.7308735876,"50%":0.7052686335,"75%":0.7078088252,"100%":0.6977056827}}