{"accuracy":{"25%":0.8177489177,"50%":0.8186147186,"75%":0.8225108225,"100%":0.8242424242},"precision":{"25%":0.8179429288,"50%":0.8200394159,"75%":0.8241283155,"100%":0.8261202554},"recall":{"25%":0.9994594595,"50%":0.9968368331,"75%":0.9952410884,"100%":0.9941580416},"f1":{"25%":0.8995765587,"50%":0.8997776395,"75%":0.901572517,"100%":0.9023345367}}