{"accuracy":{"25%":0.8173160173,"50%":0.8181818182,"75%":0.8203463203,"100%":0.8255411255},"precision":{"25%":0.8173160173,"50%":0.819958549,"75%":0.8228672301,"100%":0.8260692602},"recall":{"25%":1.0,"50%":0.9962962925,"75%":0.994180073,"100%":0.9962871421},"f1":{"25%":0.8994147385,"50%":0.8995098857,"75%":0.9003938362,"100%":0.9031767341}}