{"accuracy":{"25%":0.8168831169,"50%":0.8181818182,"75%":0.8216450216,"100%":0.8246753247},"precision":{"25%":0.817229625,"50%":0.8196883584,"75%":0.824245611,"100%":0.8267982042},"recall":{"25%":0.9994594595,"50%":0.9968368331,"75%":0.9936423468,"100%":0.9936439028},"f1":{"25%":0.8991474517,"50%":0.8995626083,"75%":0.9009941397,"100%":0.9025117249}}