{"accuracy":{"25%":0.8251082251,"50%":0.8255411255,"75%":0.8272727273,"100%":0.8268398268},"precision":{"25%":0.8265752803,"50%":0.8266317366,"75%":0.8275112654,"100%":0.82859671},"recall":{"25%":0.9947617944,"50%":0.9952553202,"75%":0.9963177541,"100%":0.9936773516},"f1":{"25%":0.9028488831,"50%":0.9030959759,"75%":0.9040595431,"100%":0.9036147799}}