{"accuracy":{"25%":0.8281385281,"50%":0.8255411255,"75%":0.8246753247,"100%":0.8251082251},"precision":{"25%":0.8265187117,"50%":0.8243743459,"75%":0.8245082747,"100%":0.8248633747},"recall":{"25%":0.9994858612,"50%":0.9994858612,"75%":0.9979135213,"100%":0.9979135213},"f1":{"25%":0.9047676349,"50%":0.9034672208,"75%":0.9029007624,"100%":0.9031174211}}